id,poolCount,totalFeesUSD,totalVolumeUSD,txCount
0x0BFbCF9fa4f9C56B0F40a671Ad40E0805A091865,64256,186776799.4176108662177181214992062,221869399965.1556563496729515128492,193456269
