id,poolCount,totalFeesUSD,totalVolumeUSD,txCount
0x0BFbCF9fa4f9C56B0F40a671Ad40E0805A091865,64242,186732682.8494224610899625247340647,221810498617.9942593992924620341705,193383159
